name,season,competition,nation,position,team,age,year_born,full_games,tackles,tackles_won,def3_tackles,mid3_tackles,att3_tackles,tackle_percentage,challenges_lost,blocks,shots_blocked,passes_blocked,interceptions,clearances,error_shot
Max Aarons,24/25,Premier League,ENG,DF,Bournemouth,24,2000,1.0,2,2,1,1,0,100.0,0,3,1,2,1,0,0
Joshua Acheampong,24/25,Premier League,ENG,DF,Chelsea,18,2006,1.9,2,1,2,0,0,100.0,0,1,0,1,1,2,0
Tyler Adams,24/25,Premier League,USA,MF,Bournemouth,25,1999,21.8,83,50,26,49,8,54.2,33,33,10,23,32,42,0
Tosin Adarabioyo,24/25,Premier League,ENG,DF,Chelsea,26,1997,15.7,17,13,11,6,0,66.7,4,9,7,2,11,80,0
Simon Adingra,24/25,Premier League,CIV,"FW,MF",Brighton,22,2002,12.2,23,14,10,8,5,38.5,16,12,0,12,8,6,2
Emmanuel Agbadou,24/25,Premier League,CIV,DF,Wolves,27,1997,15.7,30,19,21,9,0,65.0,7,19,13,6,12,90,0
Asher Agbinone,24/25,Premier League,ENG,MF,Crystal Palace,18,2005,0.1,2,1,0,2,0,,0,0,0,0,0,0,0
Ola Aina,24/25,Premier League,NGA,DF,Nott'ham Forest,27,1996,33.3,55,42,39,15,1,56.3,28,34,12,22,33,115,4
Rayan Aït-Nouri,24/25,Premier League,ALG,DF,Wolves,23,2001,34.5,89,57,52,28,9,61.4,27,42,6,36,26,75,2
Kristoffer Ajer,24/25,Premier League,NOR,DF,Brentford,26,1998,16.0,26,18,14,11,1,51.9,13,17,4,13,12,50,0
Manuel Akanji,24/25,Premier League,SUI,DF,Manchester City,29,1995,22.4,19,12,12,4,3,64.7,6,11,8,3,9,64,3
Nathan Aké,24/25,Premier League,NED,DF,Manchester City,29,1995,7.5,9,7,7,2,0,66.7,2,7,2,5,3,22,1
Carlos Alcaraz,24/25,Premier League,ARG,MF,Southampton,21,2002,0.1,0,0,0,0,0,,0,0,0,0,1,0,0
Carlos Alcaraz,24/25,Premier League,ARG,"FW,MF",Everton,21,2002,8.5,11,5,5,3,3,27.3,8,9,2,7,5,10,0
Trent Alexander-Arnold,24/25,Premier League,ENG,DF,Liverpool,25,1998,26.3,72,50,44,19,9,46.7,56,26,9,17,31,55,4
Alisson,24/25,Premier League,BRA,GK,Liverpool,31,1992,27.9,1,0,1,0,0,0.0,1,0,0,0,0,13,1
Miguel Almirón,24/25,Premier League,PAR,FW,Newcastle Utd,30,1994,1.7,3,2,2,0,1,66.7,1,2,0,2,0,0,0
Olabade Aluko,24/25,Premier League,,DF,Leicester City,,,0.0,1,1,0,0,1,100.0,0,0,0,0,0,0,0
Edson Álvarez,24/25,Premier League,MEX,MF,West Ham,26,1997,19.7,50,27,27,15,8,48.6,18,23,8,15,18,46,1
Will Alves,24/25,Premier League,ENG,FW,Leicester City,19,2005,0.0,0,0,0,0,0,,0,0,0,0,0,0,0
Harry Amass,24/25,Premier League,ENG,DF,Manchester Utd,17,2007,3.8,6,2,5,1,0,25.0,6,11,1,10,2,11,0
Samuel Amo-Ameyaw,24/25,Premier League,ENG,"FW,DF",Southampton,18,2006,0.3,1,0,0,1,0,100.0,0,0,0,0,0,0,0
Mathis Amougou,24/25,Premier League,FRA,MF,Chelsea,18,2006,0.1,0,0,0,0,0,,0,0,0,0,0,0,0
Joachim Andersen,24/25,Premier League,DEN,DF,Crystal Palace,28,1996,1.0,1,1,1,0,0,50.0,1,0,0,0,0,7,0
Joachim Andersen,24/25,Premier League,DEN,DF,Fulham,28,1996,28.7,27,18,20,6,1,62.5,9,37,28,9,34,188,1
Elliot Anderson,24/25,Premier League,ENG,MF,Nott'ham Forest,21,2002,30.3,92,56,54,29,9,43.2,63,48,9,39,31,76,4
André,24/25,Premier League,BRA,MF,Wolves,23,2001,27.5,91,55,41,41,9,58.7,26,42,8,34,37,30,1
Michail Antonio,24/25,Premier League,JAM,FW,West Ham,34,1990,9.3,2,2,0,1,1,66.7,1,6,0,6,0,2,0
Antony,24/25,Premier League,BRA,"DF,MF",Manchester Utd,24,2000,1.6,6,3,4,2,0,40.0,3,2,0,2,2,0,0
Julian Araujo,24/25,Premier League,MEX,DF,Bournemouth,22,2001,5.5,10,5,4,6,0,41.7,7,3,0,3,6,18,0
Cameron Archer,24/25,Premier League,ENG,FW,Southampton,23,2001,16.0,13,8,8,3,2,22.2,7,5,1,4,2,11,0
Alphonse Areola,24/25,Premier League,FRA,GK,West Ham,31,1993,25.1,2,2,2,0,0,66.7,1,0,0,0,0,15,3
Joe Aribo,24/25,Premier League,NGA,"MF,DF",Southampton,28,1996,22.4,47,33,17,24,6,48.6,18,28,11,17,20,32,3
Adam Armstrong,24/25,Premier League,ENG,"FW,MF",Southampton,27,1997,13.9,12,3,2,7,3,21.4,11,6,1,5,3,8,0
Harrison Armstrong,24/25,Premier League,ENG,MF,Everton,17,2007,0.5,0,0,0,0,0,0.0,1,0,0,0,0,1,0
Kepa Arrizabalaga,24/25,Premier League,ESP,GK,Bournemouth,29,1994,31.0,1,0,1,0,0,0.0,2,2,0,2,0,15,3
Marco Asensio,24/25,Premier League,ESP,MF,Aston Villa,28,1996,8.3,7,5,0,7,0,33.3,6,7,1,6,2,3,0
Brandon Austin,24/25,Premier League,ENG,GK,Tottenham,25,1999,1.0,0,0,0,0,0,,0,0,0,0,0,1,0
Taiwo Awoniyi,24/25,Premier League,NGA,FW,Nott'ham Forest,26,1997,4.6,6,3,0,3,3,80.0,1,1,0,1,0,7,0
Yasin Ayari,24/25,Premier League,SWE,MF,Brighton,20,2003,21.8,59,32,15,31,13,46.4,30,24,6,18,20,26,0
Jordan Ayew,24/25,Premier League,GHA,"FW,MF",Crystal Palace,32,1991,0.2,1,0,0,0,1,,0,0,0,0,0,0,0
Jordan Ayew,24/25,Premier League,GHA,"FW,MF",Leicester City,32,1991,18.2,27,15,8,14,5,30.4,16,21,2,19,12,19,0
Benoît Badiashile,24/25,Premier League,FRA,DF,Chelsea,23,2001,3.7,9,6,5,4,0,80.0,1,2,2,0,6,12,2
Leon Bailey,24/25,Premier League,JAM,"FW,MF",Aston Villa,26,1997,12.7,7,5,2,3,2,27.3,8,6,0,6,3,12,0
Carlos Baleba,24/25,Premier League,CMR,MF,Brighton,20,2004,29.6,79,46,26,37,16,60.0,32,47,11,36,46,44,1
Ross Barkley,24/25,Premier League,ENG,MF,Aston Villa,30,1993,6.5,14,3,4,10,0,64.3,5,9,3,6,10,5,0
Harvey Barnes,24/25,Premier League,ENG,FW,Newcastle Utd,26,1997,19.5,16,9,4,6,6,27.3,8,8,2,6,6,15,1
Calvin Bassey,24/25,Premier League,NGA,DF,Fulham,24,1999,34.2,54,34,35,19,0,71.0,9,40,17,23,20,118,8
Altay Bayındır,24/25,Premier League,TUR,GK,Manchester Utd,26,1998,4.0,0,0,0,0,0,0.0,1,0,0,0,0,9,1
Jan Bednarek,24/25,Premier League,POL,DF,Southampton,28,1996,28.1,36,19,23,13,0,51.6,15,47,36,11,56,190,5
Armel Bella Kotchap,24/25,Premier League,GER,DF,Southampton,22,2001,3.7,7,5,5,2,0,50.0,3,2,2,0,5,21,1
Jean-Ricner Bellegarde,24/25,Premier League,FRA,"MF,FW",Wolves,26,1998,18.6,39,24,17,19,3,70.0,6,19,3,16,10,18,1
Rodrigo Bentancur,24/25,Premier League,URU,MF,Tottenham,27,1997,18.3,40,22,19,17,4,47.5,21,25,8,17,40,38,1
Daniel Bentley,24/25,Premier League,ENG,GK,Wolves,31,1993,2.0,0,0,0,0,0,,0,0,0,0,0,1,0
Sander Berge,24/25,Premier League,NOR,MF,Fulham,26,1998,24.7,50,30,23,23,4,69.2,12,27,8,19,21,38,1
Lucas Bergvall,24/25,Premier League,SWE,MF,Tottenham,18,2006,13.5,39,19,14,20,5,53.1,15,18,8,10,24,22,3
Victor Bernth Kristiansen,24/25,Premier League,DEN,DF,Leicester City,21,2002,27.6,87,51,56,26,5,53.8,42,38,15,23,42,75,3
Beto,24/25,Premier League,GNB,FW,Everton,26,1998,17.0,14,6,2,8,4,62.5,3,12,2,10,4,24,1
Philip Billing,24/25,Premier League,DEN,MF,Bournemouth,28,1996,2.0,14,5,7,6,1,75.0,1,3,0,3,5,2,0
Yves Bissouma,24/25,Premier League,MLI,MF,Tottenham,27,1996,15.6,49,31,20,25,4,55.9,15,11,6,5,18,40,4
Oscar Bobb,24/25,Premier League,NOR,FW,Manchester City,21,2003,0.2,0,0,0,0,0,,0,0,0,0,0,0,0
Lamare Bogarde,24/25,Premier League,NED,"DF,MF",Aston Villa,20,2004,5.3,14,6,6,6,2,62.5,6,5,3,2,1,13,0
Willy Boly,24/25,Premier League,CIV,DF,Nott'ham Forest,33,1991,1.7,6,1,5,1,0,100.0,0,4,2,2,3,12,0
Sven Botman,24/25,Premier League,NED,DF,Newcastle Utd,24,2000,4.6,12,9,6,5,1,77.8,2,5,4,1,5,25,1
Jarrod Bowen,24/25,Premier League,ENG,"FW,MF",West Ham,27,1996,33.0,41,26,13,12,16,47.5,21,22,4,18,16,25,0
Conor Bradley,24/25,Premier League,NIR,DF,Liverpool,21,2003,8.4,14,10,7,5,2,50.0,11,9,2,7,4,31,0
Jarrad Branthwaite,24/25,Premier League,ENG,DF,Everton,22,2002,27.9,36,20,26,10,0,71.4,8,31,23,8,27,191,4
James Bree,24/25,Premier League,ENG,DF,Southampton,26,1997,11.9,19,14,8,10,1,40.0,15,10,3,7,9,29,0
Ben Brereton,24/25,Premier League,CHI,FW,Southampton,25,1999,5.0,3,2,0,2,1,11.1,8,2,1,1,0,4,0
Nathan Broadhead,24/25,Premier League,WAL,"MF,FW",Ipswich Town,26,1998,7.8,9,4,3,6,0,25.0,9,8,1,7,4,5,0
Armando Broja,24/25,Premier League,ALB,FW,Everton,22,2001,3.7,3,1,1,1,1,,0,3,0,3,1,4,0
David Brooks,24/25,Premier League,WAL,"FW,MF",Bournemouth,27,1997,10.7,14,6,2,8,4,12.5,14,18,2,16,5,9,1
Emi Buendía,24/25,Premier League,ARG,"MF,FW",Aston Villa,27,1996,1.1,6,6,3,2,1,0.0,5,5,1,4,0,2,0
Santiago Bueno,24/25,Premier League,URU,DF,Wolves,25,1998,18.7,41,21,22,18,1,77.3,5,36,21,15,15,70,0
Facundo Buonanotte,24/25,Premier League,ARG,"FW,MF",Leicester City,19,2004,16.9,53,32,17,22,14,31.3,46,34,6,28,12,14,0
Cameron Burgess,24/25,Premier League,AUS,DF,Ipswich Town,28,1995,17.1,17,12,14,3,0,81.8,2,20,15,5,14,128,3
Dan Burn,24/25,Premier League,ENG,DF,Newcastle Utd,32,1992,37.0,39,24,22,15,2,55.6,16,36,26,10,27,197,4
Wes Burns,24/25,Premier League,WAL,"FW,DF",Ipswich Town,29,1994,10.3,13,11,1,9,3,40.0,6,7,2,5,10,13,2
Nathan Butler-Oyedeji,24/25,Premier League,ENG,FW,Arsenal,21,2003,0.1,0,0,0,0,0,,0,0,0,0,0,0,0
Moisés Caicedo,24/25,Premier League,ECU,"MF,DF",Chelsea,22,2001,37.2,114,73,44,54,16,62.8,32,49,10,39,49,60,1
Tom Cairney,24/25,Premier League,SCO,MF,Fulham,33,1991,7.0,13,5,5,2,6,57.1,3,7,1,6,4,3,1
Jens Cajuste,24/25,Premier League,SWE,MF,Ipswich Town,24,1999,21.8,44,22,19,23,2,42.9,28,25,10,15,28,33,2
Riccardo Calafiori,24/25,Premier League,ITA,DF,Arsenal,22,2002,10.9,27,19,15,10,2,62.1,11,12,6,6,9,25,0
Dominic Calvert-Lewin,24/25,Premier League,ENG,FW,Everton,27,1997,17.9,9,7,1,4,4,33.3,4,7,2,5,7,23,0
Diego Carlos,24/25,Premier League,BRA,DF,Aston Villa,31,1993,9.2,8,3,6,1,1,66.7,2,13,7,6,5,36,2
Fabio Carvalho,24/25,Premier League,POR,"FW,MF",Brentford,21,2002,5.1,13,9,4,4,5,46.2,7,6,1,5,3,2,0
Casemiro,24/25,Premier League,BRA,MF,Manchester Utd,32,1992,16.6,83,50,50,23,10,60.8,29,39,10,29,14,51,3
Kaelan Casey,24/25,Premier League,ENG,DF,West Ham,19,2004,0.0,0,0,0,0,0,,0,0,0,0,0,1,0
Matty Cash,24/25,Premier League,POL,DF,Aston Villa,26,1997,23.0,56,32,29,21,6,72.1,12,22,8,14,23,70,2
Eiran Cashin,24/25,Premier League,IRL,DF,Brighton,22,2001,0.2,0,0,0,0,0,0.0,1,0,0,0,0,2,0
Timothy Castagne,24/25,Premier League,BEL,DF,Fulham,28,1995,18.3,46,29,28,15,3,57.8,19,15,6,9,22,83,0
Trevoh Chalobah,24/25,Premier League,ENG,DF,Crystal Palace,25,1999,11.8,20,16,7,12,1,52.2,11,19,9,10,19,57,3
Trevoh Chalobah,24/25,Premier League,ENG,DF,Chelsea,25,1999,10.1,11,7,5,6,0,87.5,1,6,3,3,10,48,1
Conor Chaplin,24/25,Premier League,ENG,"MF,FW",Ipswich Town,27,1997,9.5,15,5,6,6,3,42.9,8,8,1,7,4,3,0
Youssef Chermiti,24/25,Premier League,POR,"FW,MF",Everton,20,2004,0.5,0,0,0,0,0,0.0,1,0,0,0,0,0,0
Federico Chiesa,24/25,Premier League,ITA,FW,Liverpool,26,1997,1.2,1,0,0,1,0,0.0,2,1,0,1,0,1,1
Ben Chilwell,24/25,Premier League,ENG,DF,Crystal Palace,27,1996,2.9,7,6,4,3,0,20.0,4,6,2,4,6,16,0
Chiquinho,24/25,Premier League,POR,MF,Wolves,24,2000,0.1,0,0,0,0,0,,0,0,0,0,0,0,0
Hamza Choudhury,24/25,Premier League,BAN,"MF,DF",Leicester City,26,1997,1.5,1,1,1,0,0,33.3,2,4,2,2,5,2,0
Ryan Christie,24/25,Premier League,SCO,MF,Bournemouth,29,1995,23.5,54,33,19,27,8,42.2,37,44,11,33,30,51,3
Harry Clarke,24/25,Premier League,ENG,DF,Ipswich Town,23,2001,4.2,5,3,3,2,0,50.0,3,5,4,1,4,14,3
Jack Clarke,24/25,Premier League,ENG,"FW,MF",Ipswich Town,23,2000,13.1,32,20,11,10,11,50.0,17,9,0,9,7,29,2
Nathaniel Clyne,24/25,Premier League,ENG,"DF,MF",Crystal Palace,33,1991,5.4,12,8,8,3,1,54.5,5,4,2,2,3,14,1
Conor Coady,24/25,Premier League,ENG,DF,Leicester City,31,1993,19.0,13,9,6,6,1,50.0,3,32,24,8,13,71,2
Séamus Coleman,24/25,Premier League,IRL,DF,Everton,35,1988,2.4,3,2,2,1,0,75.0,1,5,3,2,1,8,0
Nathan Collins,24/25,Premier League,IRL,DF,Brentford,23,2001,38.0,40,24,23,12,5,61.1,14,77,57,20,34,226,3
Toby Collyer,24/25,Premier League,ENG,MF,Manchester Utd,20,2004,2.0,12,9,6,6,0,83.3,1,2,1,1,2,3,0
Levi Colwill,24/25,Premier League,ENG,DF,Chelsea,21,2003,35.0,47,34,25,19,3,66.7,9,37,25,12,33,118,4
Lewis Cook,24/25,Premier League,ENG,"MF,DF",Bournemouth,27,1997,33.1,81,42,41,36,4,55.2,30,30,11,19,41,70,0
Maxwel Cornet,24/25,Premier League,CIV,FW,Southampton,27,1996,0.8,5,5,1,4,0,0.0,4,0,0,0,0,2,0
Vladimír Coufal,24/25,Premier League,CZE,DF,West Ham,31,1992,11.9,22,15,13,7,2,45.5,12,13,11,2,8,39,1
Woyo Coulibaly,24/25,Premier League,MLI,DF,Leicester City,25,1999,1.2,6,4,4,2,0,100.0,0,3,1,2,5,1,0
Aaron Cresswell,24/25,Premier League,ENG,DF,West Ham,34,1989,9.2,11,7,5,5,1,81.8,2,9,4,5,8,37,0
Marc Cucurella,24/25,Premier League,ESP,DF,Chelsea,26,1998,33.2,67,45,31,31,5,52.5,29,49,16,33,28,95,3
Jorge Cuenca,24/25,Premier League,ESP,DF,Fulham,24,1999,3.9,6,2,5,1,0,37.5,5,4,4,0,2,26,0
Matheus Cunha,24/25,Premier League,BRA,"MF,FW",Wolves,25,1999,28.9,38,22,17,16,5,33.3,26,21,1,20,17,23,0
Patson Daka,24/25,Premier League,ZAM,"FW,MF",Leicester City,25,1998,8.2,19,10,6,9,4,38.9,11,7,1,6,1,12,0
Diogo Dalot,24/25,Premier League,POR,DF,Manchester Utd,25,1999,31.3,68,40,40,22,6,65.4,18,22,9,13,37,72,0
Mikkel Damsgaard,24/25,Premier League,DEN,"MF,FW",Brentford,24,2000,32.3,83,44,27,29,27,38.3,50,40,3,37,27,31,2
Danilo,24/25,Premier League,BRA,"MF,FW",Nott'ham Forest,23,2001,3.1,8,4,7,1,0,50.0,3,2,1,1,4,3,0
Jayden Danns,24/25,Premier League,ENG,MF,Liverpool,18,2006,0.1,0,0,0,0,0,0.0,1,0,0,0,0,0,0
Kevin Danso,24/25,Premier League,AUT,DF,Tottenham,25,1998,9.4,7,5,4,3,0,54.5,5,15,14,1,6,71,1
Ben Davies,24/25,Premier League,WAL,DF,Tottenham,31,1993,14.8,17,11,8,8,1,52.9,8,28,19,9,12,81,1
Leif Davis,24/25,Premier League,ENG,DF,Ipswich Town,24,2000,30.5,46,27,33,9,4,62.5,18,25,8,17,25,77,3
Craig Dawson,24/25,Premier League,ENG,DF,Wolves,34,1990,10.8,15,3,8,6,1,80.0,3,16,11,5,9,52,1
Kevin De Bruyne,24/25,Premier League,BEL,"MF,FW",Manchester City,33,1991,18.9,17,9,7,5,5,21.7,18,8,0,8,7,10,1
Bobby De Cordova-Reid,24/25,Premier League,JAM,FW,Leicester City,31,1993,8.3,9,4,3,6,0,28.6,10,6,1,5,0,10,0
Liam Delap,24/25,Premier League,ENG,FW,Ipswich Town,21,2003,28.8,11,8,3,3,5,13.3,13,8,0,8,2,28,0
Sepp van den Berg,24/25,Premier League,NED,DF,Brentford,22,2001,28.7,39,24,25,10,4,65.5,10,52,38,14,21,134,3
Justin Devenny,24/25,Premier League,NIR,MF,Crystal Palace,20,2003,5.6,17,12,7,9,1,42.1,11,6,1,5,0,11,0
Kiernan Dewsbury-Hall,24/25,Premier League,ENG,"MF,FW",Chelsea,25,1998,2.9,8,5,1,1,6,66.7,2,2,0,2,2,9,1
Amad Diallo,24/25,Premier League,CIV,"MF,FW",Manchester Utd,22,2002,21.1,38,31,9,20,9,59.4,13,15,2,13,11,19,1
Rúben Dias,24/25,Premier League,POR,DF,Manchester City,27,1997,25.2,17,11,7,9,1,53.8,6,23,20,3,20,71,4
Luis Díaz,24/25,Premier League,COL,FW,Liverpool,27,1997,26.7,39,26,13,20,6,38.5,24,19,0,19,7,7,1
Tyler Dibling,24/25,Premier League,ENG,"FW,MF",Southampton,18,2006,20.8,34,20,13,18,3,61.5,10,19,5,14,8,16,1
Lucas Digne,24/25,Premier League,FRA,DF,Aston Villa,31,1993,26.1,65,38,40,16,9,66.7,22,23,4,19,25,89,1
Issa Diop,24/25,Premier League,FRA,DF,Fulham,27,1997,14.9,26,12,18,8,0,72.2,5,10,7,3,9,72,2
Axel Disasi,24/25,Premier League,FRA,DF,Aston Villa,26,1998,5.4,8,5,7,1,0,42.9,4,4,1,3,5,18,0
Axel Disasi,24/25,Premier League,FRA,DF,Chelsea,26,1998,4.0,7,4,5,1,1,54.5,5,4,1,3,2,11,1
Roman Dixon,24/25,Premier League,ENG,DF,Everton,19,2004,1.0,5,5,3,2,0,100.0,0,1,0,1,1,3,0
Nasser Djiga,24/25,Premier League,BFA,DF,Wolves,21,2002,0.7,0,0,0,0,0,0.0,1,0,0,0,2,4,1
Matt Doherty,24/25,Premier League,IRL,DF,Wolves,32,1992,23.4,38,21,25,13,0,68.0,8,28,15,13,22,102,3
Jeremy Doku,24/25,Premier League,BEL,"FW,MF",Manchester City,22,2002,16.8,31,22,9,12,10,53.3,7,11,1,10,4,2,0
Nicolás Domínguez,24/25,Premier League,ARG,"MF,FW",Nott'ham Forest,26,1998,21.8,86,45,40,35,11,47.4,40,38,12,26,29,54,1
Patrick Dorgu,24/25,Premier League,DEN,DF,Manchester Utd,19,2004,9.4,31,24,15,14,2,69.6,7,11,0,11,4,23,2
Alfie Dorrington,24/25,Premier League,ENG,DF,Tottenham,19,2005,0.2,0,0,0,0,0,,0,0,0,0,0,0,0
Abdoulaye Doucouré,24/25,Premier League,MLI,MF,Everton,31,1993,28.5,48,28,21,20,7,32.6,29,31,6,25,10,20,1
Cheick Doucouré,24/25,Premier League,MLI,MF,Crystal Palace,24,2000,5.0,16,8,6,8,2,45.5,6,4,0,4,11,10,1
Flynn Downes,24/25,Premier League,ENG,MF,Southampton,25,1999,23.9,49,25,23,21,5,41.7,21,28,9,19,32,51,4
Tommy Doyle,24/25,Premier League,ENG,MF,Wolves,22,2001,5.4,11,6,6,3,2,40.0,9,11,5,6,5,11,1
Radu Drăgușin,24/25,Premier League,ROU,DF,Tottenham,22,2002,13.9,10,6,8,2,0,50.0,6,22,16,6,15,49,4
Martin Dúbravka,24/25,Premier League,SVK,GK,Newcastle Utd,35,1989,10.0,0,0,0,0,0,,0,0,0,0,0,3,0
Lewis Dunk,24/25,Premier League,ENG,DF,Brighton,32,1991,23.1,17,10,8,7,2,57.9,8,28,18,10,13,79,2
Jáder Durán,24/25,Premier League,COL,FW,Aston Villa,20,2003,7.1,8,7,1,2,5,25.0,3,5,0,5,0,13,0
Claudio Echeverri,24/25,Premier League,ARG,FW,Manchester City,18,2006,0.1,1,0,0,1,0,100.0,0,0,0,0,0,0,0
Ederson,24/25,Premier League,BRA,GK,Manchester City,30,1993,25.8,0,0,0,0,0,0.0,2,0,0,0,1,11,4
George Edmundson,24/25,Premier League,ENG,DF,Ipswich Town,26,1997,0.0,0,0,0,0,0,,0,0,0,0,0,0,0
Odsonne Édouard,24/25,Premier League,FRA,"MF,FW",Crystal Palace,26,1998,1.3,1,0,0,1,0,0.0,2,1,0,1,0,1,0
Odsonne Édouard,24/25,Premier League,FRA,FW,Leicester City,26,1998,0.3,1,1,1,0,0,,0,0,0,0,0,1,0
Samuel Edozie,24/25,Premier League,ENG,"DF,FW",Southampton,21,2003,0.7,3,1,0,1,2,100.0,0,0,0,0,0,0,0
Ronnie Edwards,24/25,Premier League,ENG,DF,Southampton,21,2003,0.1,0,0,0,0,0,,0,1,1,0,0,0,0
Anthony Elanga,24/25,Premier League,SWE,"FW,MF",Nott'ham Forest,22,2002,27.8,19,14,8,8,3,29.4,12,11,1,10,6,25,0
Harvey Elliott,24/25,Premier League,ENG,MF,Liverpool,21,2003,4.1,5,3,3,1,1,25.0,6,7,2,5,1,3,1
Yunus Emre Konak,24/25,Premier League,TUR,"FW,MF",Brentford,18,2006,0.5,4,4,0,4,0,50.0,1,2,0,2,0,0,0
Julio Enciso,24/25,Premier League,PAR,"MF,FW",Ipswich Town,20,2004,9.7,12,9,3,6,3,36.4,7,8,1,7,1,6,0
Julio Enciso,24/25,Premier League,PAR,"MF,FW",Brighton,20,2004,3.3,0,0,0,0,0,0.0,2,2,0,2,0,1,0
Wataru Endo,24/25,Premier League,JPN,"MF,DF",Liverpool,31,1993,3.0,12,8,7,5,0,60.0,4,8,1,7,6,9,0
Christian Eriksen,24/25,Premier League,DEN,MF,Manchester Utd,32,1992,11.8,19,9,4,12,3,40.7,16,15,5,10,7,8,0
Romain Esse,24/25,Premier League,ENG,MF,Crystal Palace,19,2005,1.5,9,6,4,3,2,100.0,0,2,0,2,1,2,0
Pervis Estupiñán,24/25,Premier League,ECU,DF,Brighton,26,1998,26.7,65,43,33,25,7,66.7,17,20,5,15,37,65,2
Evanilson,24/25,Premier League,BRA,FW,Bournemouth,24,1999,25.8,16,10,6,5,5,66.7,4,11,2,9,1,21,0
Jake Evans,24/25,Premier League,,FW,Leicester City,,,0.3,1,1,0,0,1,0.0,1,0,0,0,0,1,0
Jonny Evans,24/25,Premier League,NIR,DF,Manchester Utd,36,1988,3.5,8,6,4,4,0,50.0,3,3,2,1,5,15,0
Eberechi Eze,24/25,Premier League,ENG,"MF,FW",Crystal Palace,26,1998,28.8,39,22,14,16,9,47.2,19,27,0,27,11,10,3
Łukasz Fabiański,24/25,Premier League,POL,GK,West Ham,39,1985,12.9,0,0,0,0,0,0.0,1,0,0,0,0,5,1
Wout Faes,24/25,Premier League,BEL,DF,Leicester City,26,1998,31.3,42,26,26,14,2,52.1,23,48,35,13,26,185,4
Abdul Fatawu Issahaku,24/25,Premier League,GHA,FW,Leicester City,20,2004,6.4,21,15,13,2,6,57.9,8,7,0,7,4,12,0
João Félix,24/25,Premier League,POR,"FW,MF",Chelsea,24,1999,4.1,8,3,2,5,1,55.6,4,2,0,2,3,2,0
Evan Ferguson,24/25,Premier League,IRL,FW,West Ham,19,2004,1.7,3,1,0,1,2,,0,2,1,1,1,1,0
Evan Ferguson,24/25,Premier League,IRL,FW,Brighton,19,2004,2.7,4,3,0,3,1,40.0,3,3,1,2,0,4,0
Bruno Fernandes,24/25,Premier League,POR,MF,Manchester Utd,29,1994,33.5,84,50,27,38,19,40.0,51,35,6,29,26,35,3
Mateus Fernandes,24/25,Premier League,POR,MF,Southampton,20,2004,32.3,89,48,45,28,16,45.8,39,43,8,35,28,35,7
Enzo Fernández,24/25,Premier League,ARG,MF,Chelsea,23,2001,32.7,65,33,17,30,18,36.9,53,43,7,36,13,23,4
Mark Flekken,24/25,Premier League,NED,GK,Brentford,31,1993,36.4,4,4,4,0,0,33.3,6,2,0,2,0,26,4
Phil Foden,24/25,Premier League,ENG,"MF,FW",Manchester City,24,2000,19.7,13,5,5,4,4,38.9,11,13,1,12,9,7,1
Wesley Fofana,24/25,Premier League,FRA,DF,Chelsea,23,2000,13.0,13,12,6,7,0,42.9,8,14,9,5,14,55,2
Carlos Forbs,24/25,Premier League,POR,"MF,FW",Wolves,20,2004,2.7,8,5,5,2,1,66.7,2,3,0,3,1,2,1
Fraser Forster,24/25,Premier League,ENG,GK,Tottenham,36,1988,7.0,0,0,0,0,0,0.0,1,0,0,0,0,7,3
Matheus França,24/25,Premier League,BRA,"MF,FW",Crystal Palace,20,2004,0.6,2,0,0,2,0,,0,1,1,0,1,1,0
Ryan Fraser,24/25,Premier League,SCO,"FW,DF",Southampton,30,1994,3.4,6,2,2,4,0,66.7,2,1,1,0,1,9,0
Tyler Fredricson,24/25,Premier League,ENG,DF,Manchester Utd,19,2005,1.8,5,3,3,2,0,50.0,1,2,0,2,1,11,0
Niclas Füllkrug,24/25,Premier League,GER,FW,West Ham,31,1993,8.8,4,3,0,1,3,75.0,1,1,0,1,1,16,0
Cody Gakpo,24/25,Premier League,NED,FW,Liverpool,25,1999,21.5,28,16,6,13,9,52.0,12,23,3,20,12,19,1
Idrissa Gana Gueye,24/25,Premier League,SEN,MF,Everton,34,1989,34.0,133,80,61,55,17,58.6,41,48,9,39,48,36,1
Andrés García,24/25,Premier League,ESP,"DF,MF",Aston Villa,21,2003,3.5,9,5,5,3,1,50.0,4,2,0,2,2,10,2
Alejandro Garnacho,24/25,Premier League,ARG,"MF,FW",Manchester Utd,20,2004,24.4,30,18,11,6,13,32.4,25,19,0,19,13,11,2
James Garner,24/25,Premier League,ENG,"MF,DF",Everton,23,2001,17.7,47,31,25,20,2,58.5,17,20,4,16,23,37,0
Tyrique George,24/25,Premier League,ENG,FW,Chelsea,18,2006,2.0,2,0,2,0,0,66.7,1,1,0,1,2,1,0
Morgan Gibbs-White,24/25,Premier League,ENG,MF,Nott'ham Forest,24,2000,31.1,43,22,14,23,6,51.5,16,18,5,13,23,29,1
Billy Gilmour,24/25,Premier League,SCO,MF,Brighton,23,2001,1.1,3,3,2,1,0,75.0,1,1,0,1,0,1,0
Ben Godfrey,24/25,Premier League,ENG,DF,Ipswich Town,26,1998,1.8,1,0,1,0,0,100.0,0,1,1,0,2,3,0
Martial Godo,24/25,Premier League,ENG,"FW,DF",Fulham,21,2003,0.3,0,0,0,0,0,,0,1,0,1,1,0,0
Michael Golding,24/25,Premier League,ENG,MF,Leicester City,18,2006,0.0,0,0,0,0,0,,0,0,0,0,0,0,0
João Gomes,24/25,Premier League,BRA,MF,Wolves,23,2001,33.0,116,71,55,53,8,43.6,62,42,4,38,25,33,0
Rodrigo Gomes,24/25,Premier League,POR,"DF,FW",Wolves,21,2003,9.0,23,15,14,9,0,57.1,9,8,1,7,7,20,1
Toti Gomes,24/25,Premier League,POR,DF,Wolves,25,1999,29.0,61,43,42,15,4,80.4,9,29,17,12,25,152,5
Diego Gómez,24/25,Premier League,PAR,MF,Brighton,21,2003,5.7,21,13,11,8,2,54.5,10,13,0,13,8,10,1
Joe Gomez,24/25,Premier League,ENG,DF,Liverpool,27,1997,5.8,13,10,5,7,1,68.8,5,9,6,3,7,20,2
Nicolás González,24/25,Premier League,ESP,MF,Manchester City,22,2002,8.4,16,6,5,7,4,54.5,5,9,0,9,8,21,0
Anthony Gordon,24/25,Premier League,ENG,"FW,MF",Newcastle Utd,23,2001,27.0,32,18,9,18,5,32.4,25,25,2,23,7,9,3
Ryan Gravenberch,24/25,Premier League,NED,MF,Liverpool,22,2002,35.1,69,35,27,29,13,57.1,24,35,10,25,60,59,2
Archie Gray,24/25,Premier League,ENG,"DF,MF",Tottenham,18,2006,19.5,16,8,4,8,4,41.2,10,22,11,11,19,50,2
Jack Grealish,24/25,Premier League,ENG,"FW,MF",Manchester City,28,1995,8.0,9,5,4,2,3,40.0,3,12,2,10,2,6,1
Jacob Greaves,24/25,Premier League,ENG,DF,Ipswich Town,23,2000,24.5,40,21,20,17,3,62.9,13,41,26,15,21,148,3
Brajan Gruda,24/25,Premier League,GER,"MF,FW",Brighton,20,2004,7.6,16,8,6,6,4,50.0,7,8,0,8,2,5,1
Albert Grønbaek,24/25,Premier League,DEN,"FW,MF",Southampton,23,2001,1.6,4,1,1,1,2,30.0,7,1,1,0,0,1,0
Gonçalo Guedes,24/25,Premier League,POR,"MF,FW",Wolves,27,1996,11.1,16,5,2,6,8,25.0,12,11,0,11,5,4,0
Marc Guéhi,24/25,Premier League,ENG,DF,Crystal Palace,24,2000,34.0,61,34,36,23,2,66.0,16,55,23,32,28,163,2
Luis Guilherme,24/25,Premier League,BRA,"MF,FW",West Ham,18,2006,1.7,1,0,1,0,0,0.0,3,7,0,7,3,2,0
Bruno Guimarães,24/25,Premier League,BRA,MF,Newcastle Utd,26,1997,36.3,83,47,41,30,12,47.8,36,36,10,26,29,44,5
Marc Guiu,24/25,Premier League,ESP,FW,Chelsea,18,2006,0.8,1,1,0,1,0,100.0,0,0,0,0,0,0,0
İlkay Gündoğan,24/25,Premier League,GER,MF,Manchester City,33,1990,24.7,25,13,5,15,5,41.7,14,15,0,15,13,23,0
Malo Gusto,24/25,Premier League,FRA,DF,Chelsea,21,2003,20.7,45,29,27,15,3,52.1,23,29,8,21,24,49,5
Joško Gvardiol,24/25,Premier League,CRO,DF,Manchester City,22,2002,36.4,58,39,25,21,12,52.5,19,42,20,22,44,122,8
Erling Haaland,24/25,Premier League,NOR,FW,Manchester City,24,2000,30.4,11,6,3,3,5,37.5,5,12,1,11,5,23,0
Lewis Hall,24/25,Premier League,ENG,DF,Newcastle Utd,19,2004,24.3,58,41,28,22,8,54.1,34,33,18,15,18,75,3
Ali Al Hamadi,24/25,Premier League,IRQ,FW,Ipswich Town,22,2002,1.5,1,0,0,0,1,0.0,2,0,0,0,0,2,0
Marcus Harness,24/25,Premier League,ENG,MF,Ipswich Town,28,1996,0.5,1,0,0,0,1,0.0,3,2,1,1,0,1,0
Jack Harrison,24/25,Premier League,ENG,FW,Everton,27,1996,23.1,32,22,12,12,8,32.6,31,18,2,16,10,35,2
Taylor Harwood-Bellis,24/25,Premier League,ENG,DF,Southampton,22,2002,31.4,28,20,13,12,3,54.3,16,65,43,22,30,141,6
Kai Havertz,24/25,Premier League,GER,"FW,MF",Arsenal,25,1999,20.8,16,9,3,6,7,26.7,11,23,4,19,6,33,1
Ayden Heaven,24/25,Premier League,ENG,DF,Manchester Utd,17,2006,1.9,4,3,1,3,0,100.0,0,2,2,0,4,9,0
Jan Paul van Hecke,24/25,Premier League,NED,DF,Brighton,24,2000,32.9,45,29,24,19,2,56.1,18,37,22,15,24,142,2
Hwang Hee-chan,24/25,Premier League,KOR,"MF,FW",Wolves,28,1996,7.3,6,4,2,1,3,33.3,4,9,0,9,2,11,0
Dean Henderson,24/25,Premier League,ENG,GK,Crystal Palace,27,1997,38.0,2,1,2,0,0,33.3,4,0,0,0,0,22,0
Rico Henry,24/25,Premier League,ENG,DF,Brentford,27,1997,1.1,2,2,1,0,1,0.0,4,4,1,3,1,2,0
Mads Hermansen,24/25,Premier League,DEN,GK,Leicester City,24,2000,26.5,1,1,1,0,0,100.0,0,1,0,1,0,13,4
Son Heung-min,24/25,Premier League,KOR,FW,Tottenham,32,1992,23.4,17,9,3,8,6,18.5,22,11,0,11,5,17,1
James Hill,24/25,Premier League,ENG,DF,Bournemouth,22,2002,5.0,15,8,6,6,3,27.3,8,5,0,5,9,31,0
Jack Hinshelwood,24/25,Premier League,ENG,"MF,DF",Brighton,19,2005,20.5,27,19,8,10,9,40.7,16,10,3,7,16,37,1
George Hirst,24/25,Premier League,SCO,FW,Ipswich Town,25,1999,7.3,3,3,1,0,2,25.0,3,1,1,0,2,10,0
Mason Holgate,24/25,Premier League,JAM,"FW,DF",Everton,27,1996,0.1,0,0,0,0,0,,0,0,0,0,0,0,0
Harry Howell,24/25,Premier League,ENG,FW,Brighton,15,2008,0.1,1,1,1,0,0,50.0,1,1,0,1,0,0,0
Callum Hudson-Odoi,24/25,Premier League,ENG,"FW,MF",Nott'ham Forest,23,2000,24.4,22,14,8,8,6,66.7,6,11,0,11,13,12,1
Will Hughes,24/25,Premier League,ENG,MF,Crystal Palace,29,1995,23.4,66,36,20,33,13,45.2,34,31,14,17,22,28,3
Dean Huijsen,24/25,Premier League,ESP,DF,Bournemouth,19,2005,27.0,36,26,19,16,1,62.1,11,40,29,11,51,198,4
Omari Hutchinson,24/25,Premier League,ENG,"MF,FW",Ipswich Town,20,2003,28.7,32,13,14,10,8,27.1,35,27,2,25,11,15,1
Rasmus Højlund,24/25,Premier League,DEN,FW,Manchester Utd,21,2003,22.3,3,1,0,2,1,0.0,5,6,0,6,2,6,0
Igor,24/25,Premier League,BRA,DF,Brighton,26,1998,10.7,5,5,2,2,1,40.0,6,24,14,10,4,39,1
Danny Ings,24/25,Premier League,ENG,"FW,MF",West Ham,32,1992,3.2,4,2,2,2,0,33.3,2,5,0,5,1,4,0
Tim Iroegbunam,24/25,Premier League,ENG,MF,Everton,21,2003,6.4,29,14,14,10,5,60.9,9,18,4,14,16,12,1
Andy Irving,24/25,Premier League,SCO,MF,West Ham,24,2000,1.8,7,4,3,3,1,20.0,4,5,1,4,1,5,0
Alexander Isak,24/25,Premier League,SWE,FW,Newcastle Utd,24,1999,30.6,12,5,2,3,7,33.3,10,18,2,16,3,17,1
Alex Iwobi,24/25,Premier League,NGA,"FW,MF",Fulham,28,1996,33.1,44,25,14,21,9,64.7,12,26,1,25,14,29,1
Nicolas Jackson,24/25,Premier League,SEN,FW,Chelsea,23,2001,24.7,22,13,6,7,9,50.0,5,15,2,13,3,15,0
Reece James,24/25,Premier League,ENG,"DF,MF",Chelsea,24,1999,11.8,10,9,6,3,1,33.3,6,14,6,8,13,23,4
Vitaly Janelt,24/25,Premier League,GER,MF,Brentford,26,1998,25.0,38,22,14,13,11,58.3,15,33,9,24,27,53,1
Vitezslav Jaros,24/25,Premier League,CZE,GK,Liverpool,23,2001,0.1,0,0,0,0,0,,0,0,0,0,0,0,0
Daniel Jebbison,24/25,Premier League,CAN,FW,Bournemouth,20,2003,1.3,5,3,3,2,0,66.7,2,2,1,1,1,1,0
Mathias Jensen,24/25,Premier League,DEN,MF,Brentford,28,1996,9.6,14,10,6,6,2,50.0,8,15,4,11,8,13,2
Gabriel Jesus,24/25,Premier League,BRA,FW,Arsenal,27,1997,6.8,10,6,4,3,3,44.4,5,10,1,9,4,8,0
Raúl Jiménez,24/25,Premier League,MEX,FW,Fulham,33,1991,27.7,35,24,9,17,9,36.4,14,21,5,16,10,23,3
Kim Jisoo,24/25,Premier League,KOR,DF,Brentford,19,2004,0.3,0,0,0,0,0,,0,0,0,0,0,2,0
João Pedro,24/25,Premier League,BRA,"FW,MF",Brighton,22,2001,21.6,16,12,6,6,4,36.4,7,12,0,12,9,12,0
Joelinton,24/25,Premier League,BRA,"MF,FW",Newcastle Utd,27,1996,26.6,57,35,23,23,11,56.8,19,37,7,30,23,47,2
Ben Johnson,24/25,Premier League,ENG,"DF,FW",Ipswich Town,24,2000,15.0,38,22,23,12,3,48.8,21,22,5,17,13,54,1
Brennan Johnson,24/25,Premier League,WAL,FW,Tottenham,23,2001,24.2,39,26,9,20,10,47.1,18,25,3,22,4,14,0
Sam Johnstone,24/25,Premier League,ENG,GK,Wolves,31,1993,7.0,0,0,0,0,0,0.0,1,0,0,0,0,7,0
Curtis Jones,24/25,Premier League,ENG,"MF,DF",Liverpool,23,2001,19.0,39,22,6,23,10,63.0,10,22,9,13,7,10,3
Jorginho,24/25,Premier League,ITA,MF,Arsenal,32,1991,7.8,12,4,1,7,4,40.0,12,3,0,3,7,2,2
Diogo Jota,24/25,Premier League,POR,FW,Liverpool,27,1996,13.3,14,8,2,8,4,36.8,12,9,0,9,8,6,0
James Justin,24/25,Premier League,ENG,DF,Leicester City,26,1998,32.4,58,37,29,23,6,58.2,23,48,17,31,46,141,3
Filip Jørgensen,24/25,Premier League,DEN,GK,Chelsea,22,2002,6.0,0,0,0,0,0,,0,0,0,0,0,0,3
Ferdi Kadioglu,24/25,Premier League,TUR,"DF,MF",Brighton,24,1999,4.3,10,6,4,5,1,40.0,9,2,2,0,8,17,0
Daichi Kamada,24/25,Premier League,JPN,MF,Crystal Palace,27,1996,17.4,47,29,19,24,4,34.1,27,22,5,17,18,14,0
Boubacar Kamara,24/25,Premier League,FRA,MF,Aston Villa,24,1999,19.2,50,21,28,18,4,51.8,27,19,7,12,19,51,3
Joachim Kayi Sanda,24/25,Premier League,FRA,DF,Southampton,17,2006,0.2,0,0,0,0,0,,0,0,0,0,2,0,0
Michael Kayode,24/25,Premier League,ITA,DF,Brentford,20,2004,5.9,17,11,12,5,0,69.2,4,3,0,3,7,19,0
Michael Keane,24/25,Premier League,ENG,DF,Everton,31,1993,11.7,12,9,8,2,2,53.3,7,14,10,4,16,65,2
Caoimhín Kelleher,24/25,Premier League,IRL,GK,Liverpool,25,1998,10.0,0,0,0,0,0,,0,0,0,0,0,1,2
Lloyd Kelly,24/25,Premier League,ENG,DF,Newcastle Utd,25,1998,3.4,5,4,4,1,0,100.0,0,6,4,2,1,17,0
Milos Kerkez,24/25,Premier League,HUN,DF,Bournemouth,20,2003,37.1,52,26,25,20,7,63.2,14,38,11,27,45,106,4
Bilal El Khannouss,24/25,Premier League,MAR,"MF,FW",Leicester City,20,2004,24.2,50,30,16,29,5,53.1,15,22,4,18,6,10,3
Abdukodir Khusanov,24/25,Premier League,UZB,DF,Manchester City,20,2004,5.6,5,4,4,1,0,66.7,1,5,4,1,3,29,1
Max Kilman,24/25,Premier League,ENG,DF,West Ham,27,1997,37.2,39,24,16,20,3,85.2,4,58,40,18,38,212,6
Joshua King,24/25,Premier League,ENG,MF,Fulham,17,2007,1.4,7,5,3,4,0,0.0,3,3,0,3,1,1,0
Tom King,24/25,Premier League,WAL,GK,Wolves,29,1995,0.0,0,0,0,0,0,,0,0,0,0,0,0,0
Antonín Kinský,24/25,Premier League,CZE,GK,Tottenham,21,2003,6.0,3,1,3,0,0,100.0,0,0,0,0,0,9,1
Jakub Kiwior,24/25,Premier League,POL,DF,Arsenal,24,2000,12.5,22,8,13,7,2,73.3,4,13,8,5,6,58,3
Justin Kluivert,24/25,Premier League,NED,MF,Bournemouth,25,1999,26.0,23,11,4,11,8,18.2,18,24,0,24,14,24,1
Ibrahima Konaté,24/25,Premier League,FRA,DF,Liverpool,25,1999,28.4,40,26,25,13,2,71.4,10,29,15,14,17,133,3
Ezri Konsa,24/25,Premier League,ENG,DF,Aston Villa,26,1997,32.6,34,18,20,10,4,80.0,5,20,11,9,24,114,4
Mateo Kovačić,24/25,Premier League,CRO,MF,Manchester City,30,1994,24.4,69,38,23,38,8,47.7,34,20,0,20,24,21,1
Caleb Kporha,24/25,Premier League,ENG,DF,Crystal Palace,18,2006,0.1,2,1,2,0,0,100.0,0,0,0,0,0,1,0
Emil Krafth,24/25,Premier League,SWE,DF,Newcastle Utd,29,1994,3.8,4,2,2,1,1,66.7,1,5,4,1,2,16,0
Mohammed Kudus,24/25,Premier League,GHA,"FW,MF",West Ham,23,2000,28.8,38,23,9,18,11,37.0,17,24,1,23,4,8,2
Dejan Kulusevski,24/25,Premier League,SWE,"MF,FW",Tottenham,24,2000,26.5,45,23,17,13,15,37.3,32,34,5,29,13,10,1
Maxence Lacroix,24/25,Premier League,FRA,DF,Crystal Palace,24,2000,34.6,68,41,52,15,1,68.1,15,48,22,26,54,207,2
Adam Lallana,24/25,Premier League,ENG,MF,Southampton,36,1988,4.0,8,5,4,4,0,16.7,10,4,1,3,5,5,0
Tariq Lamptey,24/25,Premier League,GHA,DF,Brighton,23,2000,9.6,17,11,8,9,0,36.0,16,15,7,8,7,23,1
Will Lankshear,24/25,Premier League,ENG,"FW,MF",Tottenham,19,2005,0.1,0,0,0,0,0,,0,0,0,0,0,0,0
Roméo Lavia,24/25,Premier League,BEL,MF,Chelsea,20,2004,8.9,22,13,5,13,4,47.6,11,6,0,6,16,10,1
Mario Lemina,24/25,Premier League,GAB,"MF,DF",Wolves,30,1993,15.2,51,31,27,19,5,69.0,9,12,7,5,27,50,3
Bernd Leno,24/25,Premier League,GER,GK,Fulham,32,1992,38.0,2,2,2,0,0,100.0,0,1,0,1,0,11,5
Jefferson Lerma,24/25,Premier League,COL,"MF,DF",Crystal Palace,29,1994,25.3,35,17,15,16,4,52.8,17,38,18,20,42,80,1
Rico Lewis,24/25,Premier League,ENG,"DF,MF",Manchester City,19,2004,21.0,30,19,13,12,5,61.9,8,28,7,21,13,45,1
Keane Lewis-Potter,24/25,Premier League,ENG,"DF,FW",Brentford,23,2001,34.4,49,27,26,16,7,62.0,19,28,10,18,21,76,3
Myles Lewis-Skelly,24/25,Premier League,ENG,DF,Arsenal,17,2006,15.2,22,14,10,9,3,90.9,1,4,1,3,7,27,0
Matthijs de Ligt,24/25,Premier League,NED,DF,Manchester Utd,24,1999,23.6,30,22,17,12,1,71.9,9,29,21,8,33,96,0
Pedro Lima,24/25,Premier League,BRA,DF,Wolves,18,2006,0.8,1,0,0,0,1,33.3,2,0,0,0,2,5,0
Victor Lindelöf,24/25,Premier League,SWE,DF,Manchester Utd,30,1994,7.8,7,2,5,1,1,75.0,1,6,4,2,8,36,2
Jesper Lindstrøm,24/25,Premier League,DEN,FW,Everton,24,2000,13.8,45,25,24,19,2,34.5,36,15,3,12,12,17,0
Valentino Livramento,24/25,Premier League,ENG,DF,Newcastle Utd,21,2002,31.6,54,36,35,15,4,54.2,27,37,11,26,23,108,1
Sean Longstaff,24/25,Premier League,ENG,MF,Newcastle Utd,26,1997,8.9,27,16,10,9,8,66.7,9,17,5,12,7,8,0
Saša Lukić,24/25,Premier League,SRB,MF,Fulham,27,1996,26.0,68,39,22,40,6,41.8,32,20,7,13,28,35,1
Joe Lumley,24/25,Premier League,ENG,GK,Southampton,29,1995,3.0,0,0,0,0,0,,0,0,0,0,0,3,3
Massimo Luongo,24/25,Premier League,AUS,MF,Ipswich Town,31,1992,2.2,9,6,6,2,1,62.5,3,4,2,2,2,2,0
Ian Maatsen,24/25,Premier League,NED,DF,Aston Villa,22,2002,12.7,29,17,17,9,3,70.8,7,13,0,13,15,39,3
Alexis Mac Allister,24/25,Premier League,ARG,MF,Liverpool,25,1998,28.9,95,58,28,51,16,52.9,49,61,6,55,22,29,1
James Maddison,24/25,Premier League,ENG,MF,Tottenham,27,1996,20.1,31,19,8,16,7,31.0,20,15,4,11,12,19,1
Noni Madueke,24/25,Premier League,ENG,FW,Chelsea,22,2002,22.6,25,18,8,12,5,36.8,24,17,0,17,10,11,0
Gabriel Magalhães,24/25,Premier League,BRA,DF,Arsenal,26,1997,26.3,25,15,12,8,5,75.0,4,42,29,13,16,93,2
Edmond-Paris Maghoma,24/25,Premier League,ENG,"MF,FW",Brentford,23,2001,1.3,2,1,0,2,0,33.3,2,2,2,0,1,2,0
Harry Maguire,24/25,Premier League,ENG,DF,Manchester Utd,31,1993,19.5,30,15,23,6,1,73.9,6,15,12,3,40,78,1
Kobbie Mainoo,24/25,Premier League,ENG,MF,Manchester Utd,19,2005,18.3,46,29,18,14,14,60.0,16,16,2,14,19,14,1
Tyrell Malacia,24/25,Premier League,NED,DF,Manchester Utd,24,1999,1.1,2,1,2,0,0,50.0,1,0,0,0,1,1,1
Donyell Malen,24/25,Premier League,NED,FW,Aston Villa,25,1999,3.4,7,4,3,3,1,25.0,3,2,0,2,0,1,0
Mateus Mane,24/25,Premier League,,MF,Wolves,,,0.0,0,0,0,0,0,,0,1,0,1,0,0,0
Orel Mangala,24/25,Premier League,BEL,MF,Everton,26,1998,14.0,16,8,3,11,2,62.5,3,8,3,5,21,24,1
Ryan Manning,24/25,Premier League,IRL,"DF,MF",Southampton,28,1996,16.2,28,17,16,10,2,53.8,12,20,11,9,17,47,0
Solly March,24/25,Premier League,ENG,"FW,MF",Brighton,30,1994,1.9,6,3,2,2,2,62.5,3,3,0,3,2,2,1
Omar Marmoush,24/25,Premier League,EGY,"FW,MF",Manchester City,25,1999,13.1,13,8,2,9,2,50.0,8,15,1,14,6,3,0
Gabriel Martinelli,24/25,Premier League,BRA,"FW,MF",Arsenal,23,2001,25.4,23,15,9,6,8,30.4,16,15,0,15,5,19,0
Emiliano Martínez,24/25,Premier League,ARG,GK,Aston Villa,31,1992,35.5,3,3,3,0,0,100.0,0,1,0,1,0,17,6
Lisandro Martínez,24/25,Premier League,ARG,DF,Manchester Utd,26,1998,19.5,40,24,25,12,3,58.3,15,22,8,14,32,57,1
Pape Matar Sarr,24/25,Premier League,SEN,MF,Tottenham,21,2002,21.3,49,36,19,23,7,48.0,13,26,10,16,30,25,1
Jean-Philippe Mateta,24/25,Premier League,FRA,FW,Crystal Palace,27,1997,29.4,18,12,5,11,2,18.8,13,19,4,15,2,23,0
Stephy Mavididi,24/25,Premier League,ENG,FW,Leicester City,26,1998,17.9,34,19,16,10,8,33.3,28,26,2,24,11,15,0
Konstantinos Mavropanos,24/25,Premier League,GRE,DF,West Ham,26,1997,22.7,35,24,24,10,1,59.3,11,25,18,7,40,126,1
Noussair Mazraoui,24/25,Premier League,MAR,DF,Manchester Utd,26,1997,31.5,115,68,58,42,15,62.8,35,36,9,27,34,95,1
Bryan Mbeumo,24/25,Premier League,CMR,FW,Brentford,24,1999,37.9,49,31,18,15,16,60.0,14,26,3,23,14,55,1
James Mcatee,24/25,Premier League,ENG,"MF,FW",Manchester City,21,2002,3.9,5,2,0,4,1,14.3,6,8,0,8,2,1,0
Kasey McAteer,24/25,Premier League,IRL,FW,Leicester City,22,2001,9.5,23,16,11,9,3,48.3,15,18,2,16,5,15,0
Alex McCarthy,24/25,Premier League,ENG,GK,Southampton,34,1989,5.0,0,0,0,0,0,,0,0,0,0,0,1,4
John McGinn,24/25,Premier League,SCO,"MF,FW",Aston Villa,29,1994,24.7,33,24,10,14,9,41.9,18,22,2,20,14,18,3
Dwight McNeil,24/25,Premier League,ENG,"MF,FW",Everton,24,1999,15.2,13,8,6,5,2,42.9,12,7,0,7,6,2,1
Scott McTominay,24/25,Premier League,SCO,MF,Manchester Utd,27,1996,0.2,0,0,0,0,0,0.0,1,0,0,0,0,1,0
Ben Mee,24/25,Premier League,ENG,DF,Brentford,34,1989,2.0,2,2,0,2,0,100.0,0,3,3,0,4,7,0
Jayden Meghoma,24/25,Premier League,ENG,DF,Brentford,18,2006,0.1,0,0,0,0,0,,0,0,0,0,0,0,0
Mikel Merino,24/25,Premier League,ESP,"MF,FW",Arsenal,28,1996,17.6,46,28,7,26,13,55.6,16,18,5,13,15,26,2
Shumaira Mheuka,24/25,Premier League,ENG,MF,Chelsea,16,2007,0.0,0,0,0,0,0,,0,0,0,0,0,0,0
Nikola Milenković,24/25,Premier League,SRB,DF,Nott'ham Forest,26,1997,37.0,51,29,36,13,2,79.4,7,41,24,17,27,209,1
Lewis Miley,24/25,Premier League,ENG,MF,Newcastle Utd,18,2006,3.5,14,11,5,7,2,50.0,7,5,1,4,2,5,2
James Milner,24/25,Premier League,ENG,MF,Brighton,38,1986,1.9,5,2,1,3,1,100.0,0,4,2,2,2,2,1
Tyrone Mings,24/25,Premier League,ENG,DF,Aston Villa,31,1993,12.4,7,6,6,1,0,100.0,0,13,11,2,7,61,1
Yankuba Minteh,24/25,Premier League,GAM,"FW,MF",Brighton,20,2004,20.4,48,35,25,13,10,37.8,28,22,0,22,11,31,0
Tyrick Mitchell,24/25,Premier League,ENG,DF,Crystal Palace,24,1999,34.4,91,55,57,27,7,54.3,21,68,12,56,19,108,2
Kaoru Mitoma,24/25,Premier League,JPN,"FW,MF",Brighton,27,1997,28.9,45,27,15,14,16,38.8,30,48,3,45,14,10,0
Jakub Moder,24/25,Premier League,POL,MF,Brighton,25,1999,0.1,1,0,1,0,0,0.0,2,0,0,0,0,3,0
Jeremy Monga,24/25,Premier League,,"FW,MF",Leicester City,,,1.2,2,1,0,1,1,100.0,0,3,2,1,0,1,0
Mikey Moore,24/25,Premier League,ENG,FW,Tottenham,16,2007,4.1,2,1,2,0,0,0.0,4,2,0,2,1,4,0
Morato,24/25,Premier League,BRA,DF,Nott'ham Forest,23,2001,10.1,22,14,18,3,1,61.9,8,14,5,9,10,78,2
Álex Moreno,24/25,Premier League,ESP,"DF,MF",Nott'ham Forest,31,1993,10.6,25,18,20,5,0,38.5,24,11,5,6,15,43,0
Sam Morsy,24/25,Premier League,EGY,MF,Ipswich Town,32,1991,30.6,68,41,40,24,4,43.5,35,34,13,21,29,47,5
Yerson Mosquera,24/25,Premier League,COL,DF,Wolves,23,2001,4.9,11,7,9,2,0,64.3,5,13,10,3,10,14,0
Mason Mount,24/25,Premier League,ENG,MF,Manchester Utd,25,1999,6.9,15,5,5,8,2,75.0,3,11,1,10,4,4,0
Divin Mubama,24/25,Premier League,ENG,FW,Manchester City,19,2004,0.3,0,0,0,0,0,,0,0,0,0,0,0,0
Mykhailo Mudryk,24/25,Premier League,UKR,FW,Chelsea,23,2001,1.7,2,2,2,0,0,,0,3,1,2,0,1,0
Marshall Munetsi,24/25,Premier League,ZIM,"MF,FW",Wolves,28,1996,12.0,24,10,7,11,6,56.5,10,14,1,13,6,18,0
Rodrigo Muniz,24/25,Premier League,BRA,FW,Fulham,23,2001,10.7,10,5,3,5,2,100.0,0,9,2,7,5,14,0
Daniel Muñoz,24/25,Premier League,COL,DF,Crystal Palace,28,1996,35.9,123,80,57,41,25,56.7,42,40,6,34,44,108,1
Arijanet Muric,24/25,Premier League,KVX,GK,Ipswich Town,25,1998,18.0,0,0,0,0,0,0.0,2,0,0,0,0,10,5
Murillo,24/25,Premier League,BRA,DF,Nott'ham Forest,22,2002,35.4,53,36,38,12,3,58.7,19,69,45,24,36,249,3
Jacob Murphy,24/25,Premier League,ENG,FW,Newcastle Utd,29,1995,26.2,28,19,10,12,6,45.5,24,31,0,31,13,35,1
Vitaliy Mykolenko,24/25,Premier League,UKR,DF,Everton,25,1999,34.2,63,38,39,14,10,51.8,27,25,10,15,44,145,2
Iliman Ndiaye,24/25,Premier League,SEN,FW,Everton,24,2000,27.0,53,28,20,16,17,44.9,27,30,5,25,20,24,1
Wilfred Ndidi,24/25,Premier League,NGA,MF,Leicester City,27,1996,25.8,85,51,45,32,8,49.2,31,47,19,28,31,80,0
Kosta Nedeljković,24/25,Premier League,SRB,DF,Aston Villa,18,2005,1.4,7,5,1,3,3,66.7,1,1,0,1,0,3,0
Reiss Nelson,24/25,Premier League,ENG,FW,Arsenal,24,1999,0.0,1,0,0,1,0,0.0,1,0,0,0,0,1,0
Reiss Nelson,24/25,Premier League,ENG,FW,Fulham,24,1999,5.4,8,6,3,3,2,38.5,8,11,0,11,5,2,0
Neto,24/25,Premier League,BRA,GK,Bournemouth,35,1989,2.0,0,0,0,0,0,,0,0,0,0,0,1,1
Pedro Neto,24/25,Premier League,POR,FW,Chelsea,24,2000,25.2,23,9,9,9,5,42.9,12,14,2,12,9,6,0
Eddie Nketiah,24/25,Premier League,ENG,"FW,MF",Crystal Palace,25,1999,11.5,15,8,7,4,4,53.8,6,10,1,9,3,12,0
Christopher Nkunku,24/25,Premier League,FRA,FW,Chelsea,26,1997,10.2,12,8,3,4,5,75.0,2,9,2,7,7,10,0
Gustavo Nunes,24/25,Premier League,BRA,"FW,MF",Brentford,18,2005,0.1,3,2,2,0,1,100.0,0,0,0,0,0,2,0
Matheus Nunes,24/25,Premier League,POR,"DF,MF",Manchester City,25,1998,18.6,35,22,15,14,6,42.1,22,17,4,13,15,38,2
Darwin Núñez,24/25,Premier League,URU,FW,Liverpool,25,1999,12.6,21,18,11,4,6,38.9,11,6,0,6,4,12,0
Ethan Nwaneri,24/25,Premier League,ENG,"FW,MF",Arsenal,17,2007,9.9,11,7,4,4,3,33.3,14,8,2,6,2,4,1
Christian Nørgaard,24/25,Premier League,DEN,MF,Brentford,30,1994,31.3,79,49,37,35,7,59.3,33,52,20,32,49,70,1
Jake O'Brien,24/25,Premier League,IRL,DF,Everton,23,2001,17.5,26,17,21,5,0,68.0,8,17,4,13,4,93,0
Matt O'Riley,24/25,Premier League,DEN,MF,Brighton,23,2000,10.4,16,9,4,8,4,30.8,9,7,3,4,13,9,1
Dara O'Shea,24/25,Premier League,IRL,DF,Ipswich Town,25,1999,34.7,49,31,33,13,3,64.7,12,62,50,12,33,225,4
Chidozie Obi-Martin,24/25,Premier League,DEN,FW,Manchester Utd,16,2007,1.8,2,1,0,0,2,100.0,0,0,0,0,0,1,0
Wilson Odobert,24/25,Premier League,FRA,"FW,MF",Tottenham,19,2004,9.4,14,5,5,4,5,57.1,6,6,0,6,4,5,1
Chiedozie Ogbene,24/25,Premier League,IRL,FW,Ipswich Town,27,1997,2.6,7,3,1,2,4,50.0,2,1,0,1,1,3,0
Caleb Okoli,24/25,Premier League,ITA,DF,Leicester City,23,2001,12.5,25,14,8,15,2,61.1,7,24,14,10,15,79,3
Robin Olsen,24/25,Premier League,SWE,GK,Aston Villa,34,1990,2.5,1,0,1,0,0,100.0,0,0,0,0,0,2,1
Amadou Onana,24/25,Premier League,BEL,MF,Aston Villa,22,2001,18.0,55,30,23,26,6,55.2,13,16,7,9,26,41,3
André Onana,24/25,Premier League,CMR,GK,Manchester Utd,28,1996,34.0,2,2,2,0,0,50.0,2,0,0,0,0,11,4
Paul Onuachu,24/25,Premier League,NGA,FW,Southampton,30,1994,11.7,7,2,1,5,1,42.9,4,7,2,5,1,16,1
Frank Onyeka,24/25,Premier League,NGA,MF,Brentford,26,1998,0.3,0,0,0,0,0,,0,0,0,0,0,0,0
Lewis Orford,24/25,Premier League,ENG,MF,West Ham,18,2006,0.5,0,0,0,0,0,,0,1,0,1,1,0,0
Stefan Ortega,24/25,Premier League,GER,GK,Manchester City,31,1992,12.2,0,0,0,0,0,0.0,1,0,0,0,0,11,1
William Osula,24/25,Premier League,DEN,FW,Newcastle Utd,20,2003,1.5,2,0,1,0,1,0.0,2,0,0,0,4,2,0
Dango Ouattara,24/25,Premier League,BFA,FW,Bournemouth,22,2002,22.3,35,26,14,11,10,41.5,24,36,10,26,11,51,0
Nico O’Reilly,24/25,Premier League,ENG,DF,Manchester City,19,2005,5.9,9,4,3,3,3,50.0,4,5,1,4,4,12,0
Alex Palmer,24/25,Premier League,ENG,GK,Ipswich Town,27,1996,13.0,0,0,0,0,0,,0,0,0,0,0,12,0
Cole Palmer,24/25,Premier League,ENG,"MF,FW",Chelsea,22,2002,35.5,34,20,12,10,12,44.4,15,16,1,15,11,20,1
Emerson Palmieri,24/25,Premier League,ITA,DF,West Ham,29,1994,23.5,60,31,37,18,5,56.3,21,32,8,24,21,59,0
Lucas Paquetá,24/25,Premier League,BRA,"MF,FW",West Ham,26,1997,26.4,66,37,25,30,11,49.1,28,29,4,25,18,37,6
Thomas Partey,24/25,Premier League,GHA,"MF,DF",Arsenal,31,1993,31.1,89,53,26,39,24,60.5,30,29,9,20,35,49,4
Nathan Patterson,24/25,Premier League,SCO,DF,Everton,22,2001,3.9,11,6,7,4,0,50.0,7,2,0,2,2,7,0
Andreas Pereira,24/25,Premier League,BRA,MF,Fulham,28,1996,22.4,24,13,8,11,5,23.8,32,17,2,15,8,17,3
Ricardo Pereira,24/25,Premier League,POR,DF,Leicester City,30,1993,4.3,13,8,4,6,3,50.0,7,8,3,5,4,11,0
Kalvin Phillips,24/25,Premier League,ENG,MF,Ipswich Town,28,1995,13.7,35,19,8,20,7,38.5,24,35,6,29,19,37,2
Jaden Philogene Bidace,24/25,Premier League,ENG,"FW,MF",Aston Villa,22,2002,3.7,11,5,4,7,0,66.7,2,5,0,5,3,2,1
Jaden Philogene Bidace,24/25,Premier League,ENG,"FW,DF",Ipswich Town,22,2002,5.3,14,7,6,6,2,53.3,7,11,1,10,10,9,1
Jordan Pickford,24/25,Premier League,ENG,GK,Everton,30,1994,38.0,1,0,1,0,0,50.0,1,0,0,0,1,30,2
Ethan Pinnock,24/25,Premier League,JAM,DF,Brentford,31,1993,21.3,35,19,15,16,4,54.2,11,29,18,11,24,142,4
Daniel Podence,24/25,Premier League,POR,"MF,FW",Wolves,28,1995,0.5,0,0,0,0,0,0.0,1,0,0,0,0,0,0
Alfie Pond,24/25,Premier League,ENG,DF,Wolves,20,2004,0.0,0,0,0,0,0,,0,0,0,0,0,0,0
Nick Pope,24/25,Premier League,ENG,GK,Newcastle Utd,32,1992,28.0,0,0,0,0,0,,0,1,0,1,1,32,5
Pedro Porro,24/25,Premier League,ESP,DF,Tottenham,24,1999,29.0,66,49,34,22,10,57.1,33,44,17,27,36,84,2
Jarell Quansah,24/25,Premier League,ENG,DF,Liverpool,21,2003,5.5,12,8,8,4,0,70.0,3,10,7,3,7,28,1
Hákon Rafn Valdimarsson,24/25,Premier League,ISL,GK,Brentford,22,2001,1.6,0,0,0,0,0,,0,0,0,0,0,2,0
Aaron Ramsdale,24/25,Premier League,ENG,GK,Southampton,26,1998,30.0,0,0,0,0,0,0.0,3,0,0,0,2,10,3
Jacob Ramsey,24/25,Premier League,ENG,"FW,MF",Aston Villa,23,2001,18.0,30,15,14,10,6,50.0,10,23,4,19,8,8,1
Marcus Rashford,24/25,Premier League,ENG,"FW,MF",Manchester Utd,26,1997,10.9,7,4,2,2,3,33.3,6,8,0,8,4,7,0
Marcus Rashford,24/25,Premier League,ENG,FW,Aston Villa,26,1997,4.9,10,7,2,3,5,66.7,2,2,0,2,1,3,0
David Raya,24/25,Premier League,ESP,GK,Arsenal,28,1995,38.0,0,0,0,0,0,0.0,2,0,0,0,2,21,9
Harrison Reed,24/25,Premier League,ENG,MF,Fulham,29,1995,1.2,6,3,3,2,1,33.3,2,1,0,1,1,3,0
Remy Rees-Dottin,24/25,Premier League,ENG,FW,Bournemouth,18,2006,0.0,0,0,0,0,0,,0,0,0,0,0,0,0
Sergio Reguilón,24/25,Premier League,ESP,DF,Tottenham,27,1996,2.2,4,3,1,3,0,40.0,3,7,0,7,4,8,0
Vitor Reis,24/25,Premier League,BRA,DF,Manchester City,18,2006,0.0,0,0,0,0,0,,0,0,0,0,0,1,0
Chadi Riad,24/25,Premier League,MAR,DF,Crystal Palace,21,2003,1.0,5,2,2,2,1,66.7,1,0,0,0,2,0,0
Declan Rice,24/25,Premier League,ENG,MF,Arsenal,25,1999,31.4,53,25,22,25,6,41.5,24,27,13,14,25,51,0
Chris Richards,24/25,Premier League,USA,DF,Crystal Palace,24,2000,21.4,47,30,24,17,6,58.5,17,40,14,26,19,121,0
Richarlison,24/25,Premier League,BRA,FW,Tottenham,27,1997,5.6,5,3,0,4,1,0.0,3,1,1,0,0,8,0
Andrew Robertson,24/25,Premier League,SCO,DF,Liverpool,30,1994,27.6,39,22,25,10,4,60.8,20,10,4,6,21,54,2
Antonee Robinson,24/25,Premier League,USA,DF,Fulham,26,1997,35.2,95,61,57,31,7,47.4,50,43,9,34,62,133,2
Jay Robinson,24/25,Premier League,ENG,"MF,FW",Southampton,17,2007,1.5,4,1,3,0,1,100.0,0,0,0,0,0,1,0
Rodri,24/25,Premier League,ESP,MF,Manchester City,28,1996,0.8,2,1,1,1,0,,0,1,0,1,1,1,0
Guido Rodríguez,24/25,Premier League,ARG,MF,West Ham,30,1994,12.8,36,19,21,15,0,51.5,16,23,9,14,13,35,1
Mads Roerslev,24/25,Premier League,DEN,DF,Brentford,25,1999,12.2,18,8,14,3,1,39.3,17,12,5,7,4,35,0
Morgan Rogers,24/25,Premier League,ENG,"FW,MF",Aston Villa,22,2002,34.6,43,22,15,15,13,51.1,23,26,7,19,6,20,2
Cristian Romero,24/25,Premier League,ARG,DF,Tottenham,26,1998,15.7,35,29,26,8,1,70.0,9,18,3,15,21,57,2
Georginio Rutter,24/25,Premier League,FRA,"MF,FW",Brighton,22,2002,18.4,39,15,13,18,8,38.9,22,20,3,17,10,13,2
José Sá,24/25,Premier League,POR,GK,Wolves,31,1993,29.0,2,2,2,0,0,100.0,0,0,0,0,0,15,1
Bukayo Saka,24/25,Premier League,ENG,"FW,MF",Arsenal,22,2001,19.2,29,15,9,11,9,54.2,11,22,0,22,3,8,0
Mohamed Salah,24/25,Premier League,EGY,FW,Liverpool,32,1992,37.5,21,11,7,5,9,47.1,9,12,0,12,9,5,0
William Saliba,24/25,Premier League,FRA,DF,Arsenal,23,2001,33.8,62,37,37,23,2,75.0,7,25,15,10,21,119,7
Robert Sánchez,24/25,Premier League,ESP,GK,Chelsea,26,1997,32.0,0,0,0,0,0,0.0,1,0,0,0,2,24,10
Jadon Sancho,24/25,Premier League,ENG,FW,Chelsea,24,2000,19.6,13,7,3,3,7,41.7,7,11,0,11,2,8,2
Ibrahim Sangaré,24/25,Premier League,CIV,MF,Nott'ham Forest,26,1997,6.6,28,14,8,17,3,47.1,9,10,4,6,6,13,1
Pablo Sarabia,24/25,Premier League,ESP,"MF,FW",Wolves,32,1992,9.0,16,8,4,8,4,62.5,6,10,0,10,4,7,1
Jeremy Sarmiento,24/25,Premier League,ECU,MF,Brighton,22,2002,0.1,0,0,0,0,0,,0,0,0,0,0,0,0
Ismaila Sarr,24/25,Premier League,SEN,MF,Crystal Palace,26,1998,30.1,22,10,10,9,3,32.0,17,27,8,19,9,40,0
Sávio,24/25,Premier League,BRA,"FW,MF",Manchester City,20,2004,19.6,23,17,5,10,8,52.6,9,14,2,12,6,9,1
Oliver Scarles,24/25,Premier League,ENG,"DF,FW",West Ham,18,2005,7.4,21,11,17,3,1,63.6,8,14,2,12,11,26,0
Dane Scarlett,24/25,Premier League,ENG,"FW,MF",Tottenham,20,2004,0.4,1,0,0,1,0,,0,0,0,0,0,1,0
Kevin Schade,24/25,Premier League,GER,FW,Brentford,22,2001,25.5,39,25,17,10,12,56.5,10,19,4,15,5,34,0
Fabian Schär,24/25,Premier League,SUI,DF,Newcastle Utd,32,1991,32.6,36,21,16,18,2,40.0,21,38,25,13,45,138,3
Jeffrey Schlupp,24/25,Premier League,GHA,"MF,DF",Crystal Palace,31,1992,1.1,2,0,1,0,1,0.0,3,6,0,6,0,2,0
Alex Scott,24/25,Premier League,ENG,MF,Bournemouth,20,2003,8.4,27,14,11,8,8,45.2,23,17,4,13,10,15,0
Matz Sels,24/25,Premier League,BEL,GK,Nott'ham Forest,32,1992,38.0,1,1,1,0,0,100.0,0,0,0,0,0,26,1
Nélson Semedo,24/25,Premier League,POR,DF,Wolves,30,1993,32.1,62,36,32,21,9,59.6,23,32,10,22,23,104,3
Antoine Semenyo,24/25,Premier League,GHA,FW,Bournemouth,24,2000,35.6,55,35,17,25,13,37.2,27,67,9,58,11,39,2
Marcos Senesi,24/25,Premier League,ARG,DF,Bournemouth,27,1997,12.3,39,21,23,14,2,45.2,17,16,7,9,14,58,0
Ryan Sessegnon,24/25,Premier League,ENG,"FW,DF",Fulham,24,2000,6.4,27,13,11,11,5,45.0,11,13,1,12,3,18,0
Luke Shaw,24/25,Premier League,ENG,DF,Manchester Utd,29,1995,3.9,4,3,2,2,0,100.0,0,6,1,5,2,7,0
Zain Silcott-Duberry,24/25,Premier League,MSR,FW,Bournemouth,19,2005,0.0,1,1,0,0,1,100.0,0,0,0,0,0,0,0
Bernardo Silva,24/25,Premier League,POR,"MF,FW",Manchester City,29,1994,29.7,56,37,17,30,9,44.6,31,36,7,29,23,32,3
Jota Silva,24/25,Premier League,POR,"FW,MF",Nott'ham Forest,24,1999,9.5,27,14,12,13,2,22.2,21,9,1,8,12,17,0
Eric da Silva Moreira,24/25,Premier League,GER,"MF,DF",Nott'ham Forest,18,2006,0.3,2,2,2,0,0,33.3,4,0,0,0,1,0,0
Jahmai Simpson-Pusey,24/25,Premier League,ENG,DF,Manchester City,18,2005,1.1,1,0,1,0,0,0.0,1,1,1,0,0,2,0
Luis Sinisterra,24/25,Premier League,COL,"FW,MF",Bournemouth,25,1999,2.6,7,2,3,2,2,0.0,4,3,0,3,1,8,0
Oliver Skipp,24/25,Premier League,ENG,MF,Leicester City,23,2000,12.5,21,4,6,12,3,60.0,6,23,7,16,11,11,2
William Smallbone,24/25,Premier League,IRL,MF,Southampton,24,2000,7.7,20,13,9,9,2,31.8,15,8,0,8,2,14,2
Adam Smith,24/25,Premier League,ENG,DF,Bournemouth,33,1991,17.7,24,12,11,7,6,51.9,13,13,5,8,15,49,1
Emile Smith Rowe,24/25,Premier League,ENG,MF,Fulham,24,2000,22.7,31,18,7,14,10,33.3,16,22,2,20,11,16,0
Dominic Solanke,24/25,Premier League,ENG,FW,Tottenham,26,1997,24.5,18,11,1,12,5,25.0,12,20,9,11,1,23,0
Carlos Soler,24/25,Premier League,ESP,"MF,FW",West Ham,27,1997,15.7,16,11,9,6,1,30.4,16,19,6,13,8,21,2
Julio Soler,24/25,Premier League,ARG,"DF,FW",Bournemouth,19,2005,0.1,1,1,1,0,0,100.0,0,1,0,1,0,0,0
Ramón Sosa,24/25,Premier League,PAR,"FW,MF",Nott'ham Forest,24,1999,3.3,5,3,3,0,2,20.0,4,9,0,9,4,5,0
Tomáš Souček,24/25,Premier League,CZE,MF,West Ham,29,1995,28.5,46,21,20,23,3,59.1,18,41,21,20,20,85,1
Boubakary Soumaré,24/25,Premier League,FRA,MF,Leicester City,25,1999,24.1,37,20,24,12,1,63.6,12,22,10,12,27,34,4
Djed Spence,24/25,Premier League,ENG,DF,Tottenham,23,2000,19.9,47,34,25,15,7,76.7,7,28,9,19,21,74,2
Jay Stansfield,24/25,Premier League,ENG,MF,Fulham,21,2002,0.0,0,0,0,0,0,,0,0,0,0,0,0,0
Jason Steele,24/25,Premier League,ENG,GK,Brighton,33,1990,2.0,0,0,0,0,0,,0,0,0,0,0,1,0
Jack Stephens,24/25,Premier League,ENG,DF,Southampton,30,1994,15.4,34,20,25,9,0,56.7,13,20,13,7,13,53,2
Raheem Sterling,24/25,Premier League,ENG,"FW,MF",Arsenal,29,1994,5.5,9,4,1,3,5,50.0,5,3,0,3,1,4,0
Ross Stewart,24/25,Premier League,SCO,FW,Southampton,28,1996,4.3,6,4,1,1,4,37.5,5,3,0,3,1,7,0
Jakub Stolarczyk,24/25,Premier League,POL,GK,Leicester City,23,2000,10.0,2,1,2,0,0,50.0,1,0,0,0,0,6,1
John Stones,24/25,Premier League,ENG,"DF,MF",Manchester City,30,1994,6.1,6,2,3,2,1,100.0,0,5,3,2,4,19,1
Jørgen Strand Larsen,24/25,Premier League,NOR,FW,Wolves,24,2000,28.7,10,6,2,3,5,14.8,23,19,4,15,6,29,0
Yukinari Sugawara,24/25,Premier League,JPN,"DF,MF",Southampton,24,2000,17.3,31,18,16,14,1,61.3,12,21,10,11,11,53,3
Kamaldeen Sulemana,24/25,Premier League,GHA,"FW,MF",Southampton,22,2002,15.6,22,17,9,5,8,66.7,5,16,4,12,6,9,0
Crysencio Summerville,24/25,Premier League,NED,"FW,MF",West Ham,22,2001,8.7,13,7,2,8,3,33.3,6,13,4,9,0,7,0
Sammie Szmodics,24/25,Premier League,IRL,"FW,MF",Ipswich Town,28,1995,11.0,16,10,4,10,2,26.9,19,10,2,8,6,14,0
Dominik Szoboszlai,24/25,Premier League,HUN,MF,Liverpool,23,2000,27.7,38,20,14,19,5,37.8,28,39,5,34,9,19,2
Matt Targett,24/25,Premier League,ENG,DF,Newcastle Utd,28,1995,0.2,0,0,0,0,0,0.0,1,0,0,0,1,1,0
James Tarkowski,24/25,Premier League,ENG,DF,Everton,31,1992,32.5,64,40,39,22,3,61.5,15,57,42,15,41,213,4
Marcus Tavernier,24/25,Premier League,ENG,"FW,MF",Bournemouth,25,1999,21.5,43,24,15,19,9,37.0,17,16,3,13,5,11,0
Charlie Taylor,24/25,Premier League,ENG,DF,Southampton,30,1993,4.0,7,5,4,3,0,71.4,2,8,5,3,5,31,1
Jack Taylor,24/25,Premier League,IRL,MF,Ipswich Town,26,1998,9.6,20,10,6,11,3,44.4,15,12,3,9,9,24,0
Mathys Tel,24/25,Premier League,FRA,FW,Tottenham,19,2005,10.1,16,6,5,6,5,38.5,8,8,1,7,2,8,2
Kenny Tete,24/25,Premier League,NED,DF,Fulham,28,1995,19.7,56,38,29,14,13,60.5,15,31,12,19,32,67,0
Thiago,24/25,Premier League,BRA,"FW,MF",Brentford,23,2001,1.9,5,3,2,1,2,0.0,1,3,0,3,2,3,1
Luke Thomas,24/25,Premier League,ENG,DF,Leicester City,23,2001,12.3,31,25,23,5,3,51.2,20,15,6,9,21,49,1
Youri Tielemans,24/25,Premier League,BEL,MF,Aston Villa,27,1997,33.6,84,58,32,44,8,54.8,33,38,16,22,23,47,4
Kieran Tierney,24/25,Premier League,SCO,"DF,FW",Arsenal,27,1997,2.9,7,5,4,1,2,66.7,2,0,0,0,3,9,0
Jurriën Timber,24/25,Premier League,NED,DF,Arsenal,23,2001,26.9,58,38,17,30,11,66.7,9,19,4,15,22,44,1
Jean-Clair Todibo,24/25,Premier League,FRA,DF,West Ham,24,1999,20.3,47,28,30,15,2,72.2,10,25,13,12,26,83,3
Harry Toffolo,24/25,Premier League,ENG,DF,Nott'ham Forest,28,1995,1.5,5,3,3,1,1,75.0,1,2,2,0,2,12,0
Takehiro Tomiyasu,24/25,Premier League,JPN,DF,Arsenal,25,1998,0.1,0,0,0,0,0,,0,0,0,0,0,1,0
Sandro Tonali,24/25,Premier League,ITA,MF,Newcastle Utd,24,2000,29.2,51,32,22,23,6,49.0,26,34,11,23,34,33,2
Pau Torres,24/25,Premier League,ESP,DF,Aston Villa,27,1997,22.4,21,15,11,8,2,58.8,7,16,11,5,10,75,2
Conor Townsend,24/25,Premier League,ENG,DF,Ipswich Town,31,1993,3.7,11,8,9,2,0,72.7,3,8,6,2,4,16,0
Adama Traoré,24/25,Premier League,ESP,"FW,MF",Fulham,28,1996,19.7,20,13,9,6,5,38.5,8,7,0,7,1,6,4
Boubacar Traoré,24/25,Premier League,MLI,MF,Wolves,22,2001,0.0,2,0,0,2,0,100.0,0,0,0,0,0,0,0
Mark Travers,24/25,Premier League,IRL,GK,Bournemouth,25,1999,5.0,0,0,0,0,0,,0,0,0,0,0,5,0
Ryan Trevitt,24/25,Premier League,ENG,MF,Brentford,21,2003,0.0,1,1,1,0,0,,0,0,0,0,0,0,0
Kieran Trippier,24/25,Premier League,ENG,DF,Newcastle Utd,33,1990,14.5,38,21,18,14,6,61.1,14,11,3,8,12,49,0
Leandro Trossard,24/25,Premier League,BEL,FW,Arsenal,29,1994,28.3,31,20,6,16,9,35.3,22,32,0,32,9,18,0
Kostas Tsimikas,24/25,Premier League,GRE,DF,Liverpool,28,1996,9.3,31,20,15,11,5,60.9,9,5,2,3,11,20,0
Axel Tuanzebe,24/25,Premier League,COD,DF,Ipswich Town,26,1997,19.0,31,19,21,4,6,65.4,9,21,10,11,23,56,1
Destiny Udogie,24/25,Premier League,ITA,DF,Tottenham,21,2002,21.4,75,47,42,26,7,68.8,15,40,6,34,22,36,1
Manuel Ugarte Ribeiro,24/25,Premier League,URU,MF,Manchester Utd,23,2001,19.8,77,49,34,34,9,44.1,38,33,4,29,27,17,2
Lesley Ugochukwu,24/25,Premier League,FRA,MF,Southampton,20,2004,18.4,50,24,16,30,4,50.0,18,27,10,17,14,23,2
Enes Ünal,24/25,Premier League,TUR,"FW,MF",Bournemouth,27,1997,3.8,1,0,0,0,1,0.0,3,1,0,1,0,6,0
Virgil van Dijk,24/25,Premier League,NED,DF,Liverpool,33,1991,37.0,38,20,17,19,2,59.1,9,27,16,11,56,190,4
Jamie Vardy,24/25,Premier League,ENG,FW,Leicester City,37,1987,31.4,19,13,7,7,5,30.8,9,8,4,4,5,24,0
Renato Veiga,24/25,Premier League,POR,"DF,MF",Chelsea,21,2003,2.0,9,6,6,3,0,33.3,8,3,1,2,1,2,0
Joël Veltman,24/25,Premier League,NED,DF,Brighton,32,1992,18.9,43,29,24,16,3,59.6,21,22,7,15,19,66,0
Micky van de Ven,24/25,Premier League,NED,DF,Tottenham,23,2001,11.3,10,6,5,4,1,57.1,6,12,8,4,10,39,1
Bart Verbruggen,24/25,Premier League,NED,GK,Brighton,21,2002,36.0,0,0,0,0,0,0.0,3,1,0,1,0,29,5
Jannik Vestergaard,24/25,Premier League,DEN,DF,Leicester City,31,1992,15.5,22,10,16,6,0,60.0,6,21,14,7,16,74,1
Guglielmo Vicario,24/25,Premier League,ITA,GK,Tottenham,27,1996,24.0,0,0,0,0,0,,0,0,0,0,1,14,6
Carlos Vinícius,24/25,Premier League,BRA,"MF,FW",Fulham,29,1995,0.2,0,0,0,0,0,0.0,1,1,0,1,0,0,0
Kyle Walker,24/25,Premier League,ENG,DF,Manchester City,34,1990,10.8,17,10,7,7,3,53.8,12,13,4,9,3,13,1
Kyle Walker-Peters,24/25,Premier League,ENG,DF,Southampton,27,1997,32.4,44,29,22,15,7,45.7,19,27,15,12,19,90,1
Christian Walton,24/25,Premier League,ENG,GK,Ipswich Town,28,1995,7.0,0,0,0,0,0,0.0,1,0,0,0,0,2,1
Aaron Wan-Bissaka,24/25,Premier League,ENG,DF,West Ham,26,1997,35.0,70,49,33,32,5,71.9,9,37,11,26,66,125,0
Danny Ward,24/25,Premier League,WAL,GK,Leicester City,31,1993,1.5,0,0,0,0,0,,0,0,0,0,0,1,0
Joel Ward,24/25,Premier League,ENG,DF,Crystal Palace,34,1989,0.8,2,0,0,2,0,,0,0,0,0,0,3,0
James Ward-Prowse,24/25,Premier League,ENG,MF,West Ham,29,1994,11.5,20,14,8,8,4,36.8,12,6,3,3,8,15,0
James Ward-Prowse,24/25,Premier League,ENG,MF,Nott'ham Forest,29,1994,4.4,4,1,1,3,0,100.0,0,3,2,1,5,8,0
Ollie Watkins,24/25,Premier League,ENG,FW,Aston Villa,28,1995,28.9,10,7,0,6,4,27.3,8,11,3,8,8,15,2
Adam Webster,24/25,Premier League,ENG,DF,Brighton,29,1995,9.9,10,6,5,4,1,42.9,8,16,9,7,20,41,2
Danny Welbeck,24/25,Premier League,ENG,FW,Brighton,33,1990,23.5,26,16,6,15,5,40.0,12,19,4,15,5,14,0
Welington,24/25,Premier League,BRA,DF,Southampton,23,2001,5.4,21,9,15,5,1,63.2,7,5,1,4,7,36,0
Timo Werner,24/25,Premier League,GER,"FW,MF",Tottenham,28,1996,5.7,6,4,3,3,0,23.1,10,10,1,9,1,7,0
Adam Wharton,24/25,Premier League,ENG,MF,Crystal Palace,20,2004,14.6,34,14,14,16,4,38.6,27,11,2,9,20,27,0
Ben White,24/25,Premier League,ENG,DF,Arsenal,26,1997,13.3,20,14,10,4,6,42.1,22,10,8,2,16,44,0
Mats Wieffer,24/25,Premier League,NED,"DF,MF",Brighton,24,1999,11.3,58,34,27,27,4,68.1,15,18,2,16,17,28,3
Neco Williams,24/25,Premier League,WAL,DF,Nott'ham Forest,23,2001,28.8,90,57,63,19,8,61.6,33,42,10,32,31,137,3
Willian,24/25,Premier League,BRA,"FW,MF",Fulham,35,1988,2.9,4,2,0,3,1,33.3,4,0,0,0,1,1,0
Joe Willock,24/25,Premier League,ENG,"MF,FW",Newcastle Utd,24,1999,12.1,30,17,15,12,3,58.1,13,24,6,18,6,7,0
Callum Wilson,24/25,Premier League,ENG,FW,Newcastle Utd,32,1992,4.1,2,2,0,1,1,0.0,2,2,0,2,1,1,0
Harry Wilson,24/25,Premier League,WAL,"FW,MF",Fulham,27,1997,12.9,20,14,13,3,4,66.7,6,15,1,14,7,10,1
Harry Winks,24/25,Premier League,ENG,MF,Leicester City,28,1996,17.1,24,11,12,10,2,43.3,17,19,7,12,9,20,0
Ben Winterburn,24/25,Premier League,ENG,"MF,FW",Bournemouth,19,2004,0.3,0,0,0,0,0,0.0,1,0,0,0,2,0,0
Yoane Wissa,24/25,Premier League,COD,FW,Brentford,27,1996,32.4,22,12,6,8,8,40.7,16,29,8,21,8,21,3
Chris Wood,24/25,Premier League,NZL,FW,Nott'ham Forest,32,1991,32.9,6,5,2,2,2,27.3,8,12,7,5,5,29,1
Nathan Wood-Gordon,24/25,Premier League,ENG,DF,Southampton,22,2002,8.6,14,8,8,5,1,72.7,3,9,6,3,5,39,2
Luke Woolfenden,24/25,Premier League,ENG,DF,Ipswich Town,25,1998,13.2,9,6,5,4,0,40.0,3,21,14,7,19,76,0
Yehor Yarmoliuk,24/25,Premier League,UKR,MF,Brentford,20,2004,16.1,49,28,21,21,7,50.9,27,26,9,17,13,33,0
Ryan Yates,24/25,Premier League,ENG,MF,Nott'ham Forest,26,1997,21.3,42,21,24,14,4,45.9,20,38,10,28,26,61,1
Leny Yoro,24/25,Premier League,FRA,DF,Manchester Utd,18,2005,12.9,29,11,19,9,1,68.4,6,5,3,2,18,43,0
Ashley Young,24/25,Premier League,ENG,DF,Everton,39,1985,20.8,58,33,25,25,8,61.4,22,14,4,10,25,64,2
Illia Zabarnyi,24/25,Premier League,UKR,DF,Bournemouth,21,2002,34.5,52,36,31,20,1,68.0,16,33,20,13,41,182,2
Oleksandr Zinchenko,24/25,Premier League,UKR,"DF,MF",Arsenal,27,1996,5.9,6,1,1,3,2,37.5,5,8,1,7,5,10,0
Joshua Zirkzee,24/25,Premier League,NED,"FW,MF",Manchester Utd,23,2001,15.6,14,8,3,8,3,50.0,5,15,4,11,6,8,1
Martin Ødegaard,24/25,Premier League,NOR,MF,Arsenal,25,1998,25.8,19,11,9,7,3,16.0,21,5,0,5,6,6,1
